XDES01,
XDES02,XDES01
XDES03,XDES02
XDES04,
CDES05,XMAC01
XMAC01,
XMAC02,MAT00A, XMAC01, CTCO01
CMAC03,CTCO01
CMAC04,MAT00A
CMAC05,MAT002
MAT00A,
MAT00B,MAT00A
XRSC01,SRSC02
CRSC02,CTCO01, CRSC04
CRSC03,
CRSC04,CRSC03
CRSC05,SRSC02
CTCO01,XDES01
CTCO02,CTCO01
CTCO03,XDES02
CTCO04,CTCO02
CTCO05,CDES05, CTCO04
CTCO06,CTCO05
XPAD01,STCO02
XMCO01,XMAC02
CMCO05,XMAC02, XDES02
XAHC01,XRSC01, XDES04, IEPG21
XAHC02,XDES03, XDES04
XAHC03,XRSC01, CTCO04
CAHC04,
SDES05,XDES04
SDES06,XDES04
SDES07,XDES04, XPAD01, XDES03
XDES08,XDES04
XDES10,XDES04
XDES11,XDES04
CDES13,XDES02
ECOX21,
ECOX22,
SPAD02,XPAD01
SPAD03,XMAC02, XPAD01
XPAD04,XPAD01
XPAD08,XPAD01
XPAD09,XMAC02
SADG01,IEPG22
SADG02,
ADM03E,
IEPG01,
IEPG10,
IEPG14,
IEPG20,
IEPG22,
XRSC06,XRSC01
CRSC08,XRSC01
XRSC09,XRSC01
XRSC07,XRSC01
ECOS04,
XMCO02,XMAC02, CTCO02
XMCO03,XMAC02, STCO02
XMCO04,XMAC02, STCO02
CMCO06,XMAC02, CMCO05
CMCO07,XMAC01, CMCO05
XMCO08,XMAC01
XAHC06,
XAHC07,XDES03, XDES04
XAHC08,XMAC02, XAHC02
IEPG21,
ADM08H,
LET007,
ADM51H,
ADM54H,
